date,nifty_50,nifty_100
2022-01-03,17354.0,17620.0
2022-01-04,17433.39,17693.66
2022-01-05,17408.53,17672.74
2022-01-06,17513.0,17770.32
2022-01-07,17762.95,18019.07
2022-01-10,17721.54,17977.84
2022-01-11,17680.22,17944.57
2022-01-12,17941.94,18208.3
2022-01-13,18069.91,18335.39
2022-01-14,17987.6,18259.54
2022-01-17,18077.68,18359.3
2022-01-18,17996.37,18282.47
2022-01-19,17915.03,18201.57
2022-01-20,17953.85,18230.67
2022-01-21,17627.13,17897.78
2022-01-24,17337.73,17607.63
2022-01-25,17243.55,17509.6
2022-01-26,17076.47,17342.03
2022-01-27,17125.14,17390.86
2022-01-28,16976.17,17246.29
2022-01-31,16747.6,17018.24
2022-02-01,16977.55,17250.54
2022-02-02,16939.3,17212.91
2022-02-03,16948.1,17208.06
2022-02-04,16717.91,16972.56
2022-02-07,16629.93,16884.04
2022-02-08,16645.38,16891.24
2022-02-09,16462.36,16713.29
2022-02-10,16518.85,16779.72
2022-02-11,16423.13,16692.61
2022-02-14,16375.9,16644.15
2022-02-15,16280.85,16559.4
2022-02-16,16563.86,16842.48
2022-02-17,16559.78,16836.14
2022-02-18,16392.3,16665.14
2022-02-21,16517.76,16788.12
2022-02-22,16325.24,16593.76
2022-02-23,16355.52,16625.05
2022-02-24,16050.72,16322.49
2022-02-25,15847.37,16119.85
2022-02-28,15874.96,16150.17
2022-03-01,15983.84,16266.42
2022-03-02,16007.82,16296.51
2022-03-03,15988.42,16267.48
2022-03-04,15941.03,16203.61
2022-03-07,15716.42,15985.92
2022-03-08,15607.65,15868.76
2022-03-09,15537.86,15797.79
2022-03-10,15691.21,15943.2
2022-03-11,15740.29,15980.58
2022-03-14,15476.2,15721.27
2022-03-15,15521.75,15771.4
2022-03-16,15463.42,15709.68
2022-03-17,15362.67,15593.09
2022-03-18,15449.64,15676.19
2022-03-21,15598.31,15826.48
2022-03-22,15733.71,15951.75
2022-03-23,15607.07,15827.1
2022-03-24,15559.62,15779.83
2022-03-25,15606.47,15830.06
2022-03-28,15748.47,15971.97
2022-03-29,15675.29,15893.02
2022-03-30,15645.93,15871.45
2022-03-31,15480.5,15705.99
2022-04-01,15303.68,15530.01
2022-04-04,15419.36,15639.25
2022-04-05,15615.12,15831.06
2022-04-06,15602.64,15813.06
2022-04-07,15748.73,15957.07
2022-04-08,15800.67,16019.57
2022-04-11,15702.48,15913.21
2022-04-12,15754.23,15954.34
2022-04-13,15981.31,16189.09
2022-04-14,15974.0,16180.48
2022-04-15,16208.26,16408.69
2022-04-18,15805.11,16015.54
2022-04-19,15925.98,16131.69
2022-04-20,15937.18,16154.59
2022-04-21,15890.25,16112.36
2022-04-22,15902.14,16121.03
2022-04-25,15601.59,15836.35
2022-04-26,15567.35,15798.45
2022-04-27,15618.03,15853.54
2022-04-28,15834.27,16070.55
2022-04-29,15754.84,15999.92
2022-05-02,15632.61,15888.26
2022-05-03,15556.63,15812.78
2022-05-04,15689.34,15940.21
2022-05-05,15736.21,15989.81
2022-05-06,15655.56,15905.17
2022-05-09,15729.63,15991.72
2022-05-10,15742.18,16005.11
2022-05-11,15884.39,16144.46
2022-05-12,15777.13,16038.82
2022-05-13,15726.4,15979.64
2022-05-16,15666.26,15913.54
2022-05-17,15447.75,15703.66
2022-05-18,15489.14,15740.76
2022-05-19,15525.5,15770.39
2022-05-20,15524.4,15772.68
2022-05-23,15488.14,15744.06
2022-05-24,15279.16,15540.4
2022-05-25,15216.61,15484.24
2022-05-26,15165.52,15428.61
2022-05-27,15048.75,15303.41
2022-05-30,15024.02,15287.96
2022-05-31,15079.6,15341.4
2022-06-01,15346.56,15606.03
2022-06-02,15370.05,15637.73
2022-06-03,15405.63,15676.68
2022-06-06,15392.95,15666.9
2022-06-07,15112.04,15400.27
2022-06-08,15106.45,15390.73
2022-06-09,15113.25,15403.23
2022-06-10,15463.22,15753.13
2022-06-13,15433.27,15724.93
2022-06-14,15475.41,15776.62
2022-06-15,15468.49,15772.91
2022-06-16,15295.83,15603.77
2022-06-17,15459.19,15773.77
2022-06-20,15567.18,15879.46
2022-06-21,15681.69,15988.6
2022-06-22,15545.07,15845.41
2022-06-23,15749.27,16036.93
2022-06-24,15538.78,15840.07
2022-06-27,15623.1,15917.31
2022-06-28,15944.6,16236.91
2022-06-29,15793.47,16084.29
2022-06-30,15707.07,16000.04
2022-07-01,15719.99,16018.16
2022-07-04,15643.34,15947.12
2022-07-05,15412.26,15712.55
2022-07-06,15420.41,15719.65
2022-07-07,15263.79,15564.95
2022-07-08,15330.28,15629.85
2022-07-11,15195.27,15505.0
2022-07-12,15416.0,15728.78
2022-07-13,15300.07,15617.48
2022-07-14,15251.69,15573.23
2022-07-15,15367.11,15696.04
2022-07-18,15186.55,15516.44
2022-07-19,15217.39,15539.26
2022-07-20,15403.53,15728.03
2022-07-21,15167.73,15487.97
2022-07-22,15192.38,15509.37
2022-07-25,15227.88,15548.52
2022-07-26,15338.57,15666.98
2022-07-27,15157.46,15485.83
2022-07-28,14966.54,15296.58
2022-07-29,15038.57,15379.14
2022-08-01,15078.98,15421.13
2022-08-02,15112.88,15471.15
2022-08-03,15160.55,15522.47
2022-08-04,15061.33,15411.98
2022-08-05,15092.59,15447.98
2022-08-08,15132.59,15490.45
2022-08-09,15028.64,15394.17
2022-08-10,15291.81,15662.49
2022-08-11,15358.45,15728.52
2022-08-12,15183.74,15545.47
2022-08-15,15276.13,15636.87
2022-08-16,15133.62,15488.59
2022-08-17,15244.37,15596.08
2022-08-18,15409.44,15765.25
2022-08-19,15288.11,15654.14
2022-08-22,15425.46,15794.43
2022-08-23,15483.79,15845.41
2022-08-24,15602.22,15967.0
2022-08-25,15880.0,16253.23
2022-08-26,15841.29,16210.44
2022-08-29,15726.58,16094.53
2022-08-30,15592.53,15960.18
2022-08-31,15470.47,15832.73
2022-09-01,15457.36,15823.69
2022-09-02,15505.35,15871.06
2022-09-05,15544.04,15912.54
2022-09-06,15663.68,16026.92
2022-09-07,15663.74,16024.18
2022-09-08,15877.01,16242.62
2022-09-09,15835.42,16198.5
2022-09-12,16240.56,16615.82
2022-09-13,16334.64,16707.5
2022-09-14,16200.39,16574.44
2022-09-15,16034.53,16414.32
2022-09-16,16105.72,16476.43
2022-09-19,16069.8,16428.81
2022-09-20,16176.3,16525.49
2022-09-21,16246.71,16604.33
2022-09-22,16233.6,16587.53
2022-09-23,16101.77,16472.5
2022-09-26,15869.37,16235.78
2022-09-27,15800.53,16167.96
2022-09-28,15926.51,16304.26
2022-09-29,15956.83,16347.77
2022-09-30,15767.1,16170.76
2022-10-03,15791.03,16202.62
2022-10-04,15846.64,16265.18
2022-10-05,15712.41,16134.01
2022-10-06,15733.36,16160.12
2022-10-07,15740.14,16163.38
2022-10-10,15568.28,15985.13
2022-10-11,15619.05,16036.21
2022-10-12,15699.96,16116.52
2022-10-13,15858.76,16273.35
2022-10-14,16014.79,16434.79
2022-10-17,15804.4,16229.49
2022-10-18,15662.47,16087.22
2022-10-19,15736.83,16171.58
2022-10-20,15811.35,16239.25
2022-10-21,15886.42,16313.55
2022-10-24,16462.87,16888.98
2022-10-25,16549.72,16963.68
2022-10-26,16725.33,17139.53
2022-10-27,16874.11,17288.1
2022-10-28,16975.96,17400.83
2022-10-31,16923.37,17352.39
2022-11-01,17042.72,17465.22
2022-11-02,16916.24,17351.14
2022-11-03,16876.37,17319.54
2022-11-04,16796.96,17243.71
2022-11-07,16807.96,17253.21
2022-11-08,17173.57,17614.38
2022-11-09,16868.52,17305.13
2022-11-10,16975.89,17420.62
2022-11-11,16715.18,17171.56
2022-11-14,16638.65,17105.12
2022-11-15,16807.88,17272.26
2022-11-16,16816.09,17272.79
2022-11-17,16642.83,17099.37
2022-11-18,16528.36,16972.01
2022-11-21,16632.53,17079.04
2022-11-22,16515.77,16960.52
2022-11-23,16547.58,16989.38
2022-11-24,16552.74,16983.73
2022-11-25,16448.85,16882.76
2022-11-28,16780.12,17212.37
2022-11-29,16878.63,17303.35
2022-11-30,16553.64,16956.96
2022-12-01,16580.83,16984.07
2022-12-02,16475.17,16890.05
2022-12-05,16605.92,17032.62
2022-12-06,16479.58,16902.52
2022-12-07,16459.76,16878.52
2022-12-08,16536.34,16958.64
2022-12-09,16669.65,17085.85
2022-12-12,16478.6,16896.01
2022-12-13,16424.55,16846.88
2022-12-14,16348.89,16779.09
2022-12-15,16246.01,16674.95
2022-12-16,16515.09,16944.25
2022-12-19,16576.33,16999.87
2022-12-20,16376.86,16793.77
2022-12-21,16516.95,16933.03
2022-12-22,16846.19,17266.3
2022-12-23,17008.53,17435.68
2022-12-26,16762.32,17182.73
2022-12-27,16683.63,17113.94
2022-12-28,16881.36,17310.86
2022-12-29,16766.47,17195.25
2022-12-30,16834.79,17258.78
2023-01-02,16935.64,17343.37
2023-01-03,16855.57,17269.14
2023-01-04,16867.98,17286.69
2023-01-05,16542.31,16957.67
2023-01-06,16453.94,16869.34
2023-01-09,16446.04,16864.89
2023-01-10,16335.05,16742.8
2023-01-11,16521.17,16926.22
2023-01-12,16390.69,16800.59
2023-01-13,16363.47,16764.81
2023-01-16,16395.13,16798.57
2023-01-17,16562.2,16957.21
2023-01-18,16430.79,16828.53
2023-01-19,16569.44,16967.45
2023-01-20,16588.92,16976.04
2023-01-23,16504.78,16899.57
2023-01-24,16571.17,16961.22
2023-01-25,16610.36,16995.03
2023-01-26,16566.01,16951.93
2023-01-27,16591.7,16985.48
2023-01-30,16569.87,16956.67
2023-01-31,16600.13,16987.43
2023-02-01,16687.81,17078.28
2023-02-02,16873.08,17268.83
2023-02-03,16760.26,17156.89
2023-02-06,17004.09,17398.98
2023-02-07,16813.88,17202.49
2023-02-08,16816.49,17205.69
2023-02-09,16897.49,17279.54
2023-02-10,16946.18,17308.14
2023-02-13,16898.53,17263.47
2023-02-14,16895.16,17266.33
2023-02-15,16861.46,17216.26
2023-02-16,16817.59,17165.42
2023-02-17,16926.29,17278.39
2023-02-20,16983.16,17349.51
2023-02-21,16927.9,17294.33
2023-02-22,17042.64,17404.17
2023-02-23,17094.57,17454.86
2023-02-24,17201.09,17571.06
2023-02-27,17288.43,17653.95
2023-02-28,17217.36,17577.18
2023-03-01,17175.73,17532.14
2023-03-02,17275.67,17625.43
2023-03-03,17361.29,17711.9
2023-03-06,17378.29,17740.41
2023-03-07,17410.45,17774.87
2023-03-08,17569.92,17932.63
2023-03-09,17523.97,17884.58
2023-03-10,17603.83,17953.27
2023-03-13,17600.97,17956.75
2023-03-14,17596.39,17951.62
2023-03-15,17737.74,18091.64
2023-03-16,17849.68,18226.63
2023-03-17,17960.98,18340.19
2023-03-20,18128.65,18502.46
2023-03-21,18151.19,18521.85
2023-03-22,18249.33,18628.5
2023-03-23,18233.94,18613.95
2023-03-24,18291.44,18660.76
2023-03-27,18296.76,18672.95
2023-03-28,18328.27,18699.47
2023-03-29,18417.35,18802.55
2023-03-30,18342.89,18736.17
2023-03-31,18605.04,18995.24
2023-04-03,18507.81,18907.68
2023-04-04,18386.81,18787.06
2023-04-05,18541.38,18948.24
2023-04-06,18654.45,19065.15
2023-04-07,18748.52,19152.92
2023-04-10,18843.56,19243.14
2023-04-11,18863.04,19270.56
2023-04-12,18777.39,19182.22
2023-04-13,18807.22,19208.99
2023-04-14,18747.89,19142.27
2023-04-17,18883.88,19281.59
2023-04-18,18887.37,19300.99
2023-04-19,18810.14,19215.4
2023-04-20,18792.96,19198.39
2023-04-21,18862.72,19279.08
2023-04-24,18816.7,19232.36
2023-04-25,18740.14,19159.16
2023-04-26,18789.73,19200.71
2023-04-27,18839.61,19253.94
2023-04-28,18800.38,19213.21
2023-05-01,18765.48,19185.83
2023-05-02,18813.76,19243.32
2023-05-03,18663.04,19112.18
2023-05-04,18518.31,18971.36
2023-05-05,18455.08,18910.35
2023-05-08,18450.77,18907.49
2023-05-09,18507.41,18961.7
2023-05-10,18699.97,19157.61
2023-05-11,18821.78,19277.64
2023-05-12,18823.73,19280.9
2023-05-15,18842.39,19309.79
2023-05-16,18744.33,19203.54
2023-05-17,18762.97,19231.01
2023-05-18,18749.7,19227.81
2023-05-19,18808.65,19286.15
2023-05-22,18731.54,19192.29
2023-05-23,18813.63,19270.05
2023-05-24,19016.19,19483.37
2023-05-25,19024.29,19491.33
2023-05-26,19093.57,19553.1
2023-05-29,19197.79,19653.75
2023-05-30,19170.6,19633.07
2023-05-31,19218.97,19685.91
2023-06-01,19241.85,19706.99
2023-06-02,19275.07,19737.44
2023-06-05,19202.62,19661.65
2023-06-06,19226.92,19678.78
2023-06-07,19308.6,19773.42
2023-06-08,19506.56,19969.55
2023-06-09,19646.11,20119.27
2023-06-12,19934.42,20420.86
2023-06-13,19860.21,20354.51
2023-06-14,19991.41,20482.78
2023-06-15,20036.71,20531.57
2023-06-16,20335.37,20831.29
2023-06-19,20254.42,20742.49
2023-06-20,20169.78,20660.24
2023-06-21,20116.04,20596.54
2023-06-22,19869.25,20358.7
2023-06-23,19825.52,20311.01
2023-06-26,19752.74,20239.57
2023-06-27,19793.4,20282.7
2023-06-28,19858.01,20345.47
2023-06-29,20114.77,20608.05
2023-06-30,20257.55,20747.49
2023-07-03,20206.44,20703.42
2023-07-04,20114.53,20599.99
2023-07-05,20199.21,20686.02
2023-07-06,20053.67,20555.99
2023-07-07,20307.31,20802.56
2023-07-10,20480.75,20971.04
2023-07-11,20442.98,20937.45
2023-07-12,20245.07,20740.32
2023-07-13,20440.23,20939.16
2023-07-14,20448.19,20951.25
2023-07-17,20630.36,21139.48
2023-07-18,20446.07,20963.81
2023-07-19,20391.59,20912.5
2023-07-20,20414.92,20933.93
2023-07-21,20443.65,20968.43
2023-07-24,20408.4,20948.94
2023-07-25,20511.15,21051.19
2023-07-26,20396.0,20927.16
2023-07-27,20400.37,20940.82
2023-07-28,20438.49,20978.17
2023-07-31,20527.44,21049.4
2023-08-01,20642.26,21171.93
2023-08-02,20518.96,21043.45
2023-08-03,20343.46,20866.31
2023-08-04,20529.8,21056.39
2023-08-07,20595.59,21124.12
2023-08-08,20521.36,21055.5
2023-08-09,20744.69,21276.39
2023-08-10,20782.85,21319.12
2023-08-11,20960.34,21495.33
2023-08-14,20992.54,21534.05
2023-08-15,21288.38,21836.75
2023-08-16,21547.43,22088.99
2023-08-17,21537.58,22088.69
2023-08-18,21693.33,22240.49
2023-08-21,21805.63,22360.5
2023-08-22,22017.85,22577.06
2023-08-23,21908.48,22483.76
2023-08-24,22027.51,22601.46
2023-08-25,22198.85,22770.59
2023-08-28,21977.58,22547.98
2023-08-29,21838.18,22405.09
2023-08-30,21581.91,22154.6
2023-08-31,21569.26,22127.55
2023-09-01,21690.72,22240.34
2023-09-04,21920.11,22461.33
2023-09-05,21954.69,22504.6
2023-09-06,22204.33,22770.76
2023-09-07,22035.96,22600.6
2023-09-08,21823.99,22386.02
2023-09-11,21840.6,22403.35
2023-09-12,21917.71,22491.28
2023-09-13,21937.55,22502.88
2023-09-14,21676.22,22242.32
2023-09-15,21688.13,22262.98
2023-09-18,21534.01,22112.4
2023-09-19,21648.78,22229.57
2023-09-20,21722.83,22312.99
2023-09-21,21618.35,22183.69
2023-09-22,21572.39,22143.49
2023-09-25,21452.42,22017.01
2023-09-26,21467.79,22016.34
2023-09-27,21620.81,22174.64
2023-09-28,21510.58,22076.03
2023-09-29,21602.78,22167.55
2023-10-02,21554.62,22127.57
2023-10-03,21470.91,22057.63
2023-10-04,21480.29,22078.67
2023-10-05,21364.08,21976.09
2023-10-06,21313.31,21931.43
2023-10-09,21176.16,21793.79
2023-10-10,21461.78,22067.9
2023-10-11,21490.39,22094.56
2023-10-12,21419.54,22015.72
2023-10-13,21472.21,22087.9
2023-10-16,21480.88,22095.08
2023-10-17,21474.84,22090.08
2023-10-18,21581.79,22202.76
2023-10-19,21708.75,22331.16
2023-10-20,21660.33,22297.48
2023-10-23,21605.83,22236.94
2023-10-24,21592.4,22225.13
2023-10-25,21303.28,21926.89
2023-10-26,21123.62,21734.09
2023-10-27,21328.97,21935.84
2023-10-30,21573.69,22182.16
2023-10-31,21563.82,22168.4
2023-11-01,21666.09,22265.3
2023-11-02,21732.65,22319.8
2023-11-03,22178.3,22767.6
2023-11-06,22359.36,22936.05
2023-11-07,22366.19,22949.89
2023-11-08,22256.41,22840.25
2023-11-09,22055.91,22625.3
2023-11-10,22108.69,22675.55
2023-11-13,22027.92,22587.54
2023-11-14,21855.03,22416.7
2023-11-15,21790.3,22363.65
2023-11-16,21666.05,22221.91
2023-11-17,21920.39,22478.58
2023-11-20,22066.49,22623.96
2023-11-21,22089.9,22653.56
2023-11-22,22320.38,22887.13
2023-11-23,22356.06,22916.1
2023-11-24,22259.61,22816.28
2023-11-27,22497.92,23048.4
2023-11-28,22599.29,23160.09
2023-11-29,22476.74,23037.21
2023-11-30,22474.76,23052.74
2023-12-01,22375.77,22952.67
2023-12-04,22205.72,22775.22
2023-12-05,22359.95,22916.45
2023-12-06,22653.74,23195.01
2023-12-07,22479.33,23005.3
2023-12-08,22584.02,23112.77
2023-12-11,22516.55,23049.8
2023-12-12,22472.48,22991.0
2023-12-13,22413.59,22940.19
2023-12-14,22316.5,22838.38
2023-12-15,22348.12,22871.43
2023-12-18,22255.97,22793.76
2023-12-19,22318.62,22864.81
2023-12-20,22336.35,22880.16
2023-12-21,22327.55,22863.17
2023-12-22,22224.71,22740.29
2023-12-25,22168.65,22677.54
2023-12-26,22298.77,22806.07
2023-12-27,22393.91,22892.42
2023-12-28,22280.89,22777.99
2023-12-29,22319.59,22817.47
2024-01-01,22459.65,22955.73
2024-01-02,22189.59,22679.26
2024-01-03,22293.94,22785.31
2024-01-04,22195.54,22690.78
2024-01-05,22304.49,22790.03
2024-01-08,22189.08,22687.33
2024-01-09,21899.54,22396.32
2024-01-10,21643.15,22139.52
2024-01-11,21663.9,22166.6
2024-01-12,21719.33,22224.24
2024-01-15,21583.78,22096.79
2024-01-16,21700.82,22216.76
2024-01-17,21441.18,21950.81
2024-01-18,21443.23,21956.05
2024-01-19,21259.69,21761.84
2024-01-22,21167.59,21670.39
2024-01-23,21187.78,21690.35
2024-01-24,21062.58,21562.94
2024-01-25,21013.89,21512.99
2024-01-26,21186.25,21669.71
2024-01-29,21106.47,21584.99
2024-01-30,21252.36,21732.01
2024-01-31,21083.52,21564.2
2024-02-01,21180.51,21652.55
2024-02-02,21423.93,21907.38
2024-02-05,21036.4,21511.44
2024-02-06,20922.2,21405.34
2024-02-07,21025.92,21512.99
2024-02-08,21006.16,21487.62
2024-02-09,21077.6,21574.49
2024-02-12,20993.91,21480.25
2024-02-13,21020.15,21514.45
2024-02-14,21007.93,21510.8
2024-02-15,21205.88,21703.67
2024-02-16,21259.29,21769.33
2024-02-19,21326.2,21834.29
2024-02-20,21272.49,21782.93
2024-02-21,21206.74,21719.22
2024-02-22,21150.03,21661.12
2024-02-23,21225.68,21744.08
2024-02-26,21170.77,21695.85
2024-02-27,21229.74,21739.91
2024-02-28,21575.44,22098.18
2024-02-29,21730.36,22238.98
2024-03-01,21689.74,22207.43
2024-03-04,21899.6,22428.01
2024-03-05,21845.08,22363.5
2024-03-06,21521.52,22035.22
2024-03-07,21370.33,21873.76
2024-03-08,21080.84,21581.5
2024-03-11,21037.37,21535.23
2024-03-12,21052.82,21557.44
2024-03-13,21332.15,21849.04
2024-03-14,21397.56,21926.9
2024-03-15,21374.86,21899.17
2024-03-18,21521.6,22044.67
2024-03-19,21174.68,21681.59
2024-03-20,21225.0,21725.09
2024-03-21,21361.32,21870.21
2024-03-22,21135.27,21657.55
2024-03-25,21330.59,21842.99
2024-03-26,21397.87,21905.33
2024-03-27,21343.43,21850.49
2024-03-28,21458.23,21968.11
2024-03-29,21839.33,22343.35
2024-04-01,21868.76,22376.65
2024-04-02,21914.69,22418.47
2024-04-03,21784.9,22288.21
2024-04-04,21559.41,22067.0
2024-04-05,21746.99,22255.22
2024-04-08,21520.36,22024.04
2024-04-09,21522.45,22025.17
2024-04-10,21390.51,21892.07
2024-04-11,21491.41,21990.03
2024-04-12,21557.36,22053.89
2024-04-15,21795.58,22306.82
2024-04-16,21653.97,22169.79
2024-04-17,21572.24,22085.17
2024-04-18,21317.42,21835.66
2024-04-19,21194.8,21709.66
2024-04-22,21270.33,21795.67
2024-04-23,21437.71,21966.97
2024-04-24,21198.24,21725.55
2024-04-25,21392.12,21924.17
2024-04-26,21705.67,22225.32
2024-04-29,21791.92,22301.85
2024-04-30,22240.1,22740.7
2024-05-01,22029.09,22530.54
2024-05-02,21702.45,22218.77
2024-05-03,21249.24,21783.89
2024-05-06,21594.52,22136.34
2024-05-07,21739.33,22286.24
2024-05-08,21710.1,22240.82
2024-05-09,21763.51,22289.61
2024-05-10,21470.22,21988.22
2024-05-13,22050.3,22564.95
2024-05-14,22066.86,22580.04
2024-05-15,22078.47,22587.42
2024-05-16,22244.39,22735.89
2024-05-17,22349.83,22848.3
2024-05-20,22390.6,22879.35
2024-05-21,22173.92,22664.55
2024-05-22,22276.62,22786.23
2024-05-23,22736.09,23238.44
2024-05-24,23066.71,23546.08
2024-05-27,23466.93,23943.75
2024-05-28,23314.14,23801.52
2024-05-29,23035.88,23541.77
2024-05-30,22986.57,23480.8
2024-05-31,22984.67,23483.57
2024-06-03,23253.43,23748.3
2024-06-04,22790.57,23284.03
2024-06-05,23169.55,23688.11
2024-06-06,23111.49,23615.7
2024-06-07,22983.12,23489.54
2024-06-10,22702.94,23213.31
2024-06-11,22260.72,22780.28
2024-06-12,22452.6,22973.6
2024-06-13,22455.23,22979.06
2024-06-14,22110.74,22629.99
2024-06-17,21770.25,22290.92
2024-06-18,21671.82,22189.08
2024-06-19,22066.47,22590.59
2024-06-20,21985.76,22506.27
2024-06-21,21595.33,22117.99
2024-06-24,21519.73,22041.85
2024-06-25,21437.81,21969.55
2024-06-26,20766.93,21295.33
2024-06-27,20739.31,21252.47
2024-06-28,20670.19,21193.78
2024-07-01,20818.6,21335.23
2024-07-02,21240.2,21753.07
2024-07-03,21496.35,22004.98
2024-07-04,21415.46,21935.92
2024-07-05,21131.46,21632.11
2024-07-08,21732.97,22262.7
2024-07-09,21732.04,22271.17
2024-07-10,21719.95,22261.01
2024-07-11,21698.49,22238.97
2024-07-12,21731.73,22274.9
2024-07-15,21680.63,22228.22
2024-07-16,21524.12,22076.7
2024-07-17,21375.28,21931.99
2024-07-18,21352.07,21909.45
2024-07-19,21205.25,21760.08
2024-07-22,21018.71,21571.16
2024-07-23,21029.06,21579.89
2024-07-24,20953.24,21513.43
2024-07-25,21295.6,21863.02
2024-07-26,20640.26,21177.96
2024-07-29,20880.98,21425.56
2024-07-30,21161.09,21708.91
2024-07-31,20648.48,21193.38
2024-08-01,20553.5,21094.54
2024-08-02,20452.25,21002.2
2024-08-05,20111.23,20666.97
2024-08-06,19919.49,20467.48
2024-08-07,19654.42,20203.9
2024-08-08,20030.9,20575.31
2024-08-09,20229.11,20763.48
2024-08-12,20506.32,21037.12
2024-08-13,20659.48,21198.36
2024-08-14,20380.23,20925.64
2024-08-15,20244.47,20793.32
2024-08-16,20342.34,20897.87
2024-08-19,20045.91,20603.75
2024-08-20,20193.66,20747.29
2024-08-21,20124.21,20680.94
2024-08-22,20024.3,20586.95
2024-08-23,20171.43,20741.39
2024-08-26,20258.63,20839.13
2024-08-27,20161.24,20746.86
2024-08-28,20411.87,21002.53
2024-08-29,20147.08,20744.52
2024-08-30,20273.4,20871.76
2024-09-02,20395.26,20987.34
2024-09-03,20309.11,20899.09
2024-09-04,20369.7,20953.98
2024-09-05,20066.18,20642.33
2024-09-06,20262.09,20838.65
2024-09-09,20205.14,20774.64
2024-09-10,20070.95,20636.86
2024-09-11,20295.35,20847.35
2024-09-12,20118.76,20671.36
2024-09-13,19783.09,20333.38
2024-09-16,19419.77,19960.78
2024-09-17,19539.35,20086.49
2024-09-18,19241.7,19794.16
2024-09-19,19610.82,20153.56
2024-09-20,19133.86,19667.05
2024-09-23,19488.26,20017.99
2024-09-24,19520.96,20043.39
2024-09-25,19485.61,20014.47
2024-09-26,19351.3,19877.71
2024-09-27,19425.06,19949.86
2024-09-30,19402.89,19911.56
2024-10-01,19576.26,20090.98
2024-10-02,19604.82,20109.74
2024-10-03,19638.76,20144.35
2024-10-04,19596.47,20104.07
2024-10-07,19599.7,20118.26
2024-10-08,19656.97,20165.33
2024-10-09,19414.56,19897.26
2024-10-10,19228.25,19711.61
2024-10-11,19347.73,19845.84
2024-10-14,19384.24,19892.37
2024-10-15,19368.82,19878.53
2024-10-16,19383.05,19888.93
2024-10-17,19445.51,19958.17
2024-10-18,19377.74,19882.24
2024-10-21,19275.27,19782.99
2024-10-22,19315.28,19827.23
2024-10-23,19183.93,19703.5
2024-10-24,19254.55,19796.33
2024-10-25,19018.2,19561.3
2024-10-28,19177.47,19717.86
2024-10-29,19257.4,19798.2
2024-10-30,19306.13,19833.29
2024-10-31,19461.04,19983.73
2024-11-01,19717.63,20238.67
2024-11-04,19880.56,20398.32
2024-11-05,19615.75,20133.28
2024-11-06,19437.68,19947.56
2024-11-07,19357.45,19875.81
2024-11-08,19372.79,19891.24
2024-11-11,19460.13,19979.05
2024-11-12,19364.95,19880.67
2024-11-13,19403.82,19921.01
2024-11-14,19304.57,19827.73
2024-11-15,19226.82,19742.59
2024-11-18,19033.82,19543.18
2024-11-19,18912.31,19418.54
2024-11-20,18730.33,19224.97
2024-11-21,18603.3,19090.9
2024-11-22,18762.55,19247.41
2024-11-25,18639.06,19130.0
2024-11-26,19021.06,19516.22
2024-11-27,19103.31,19600.44
2024-11-28,19141.37,19645.39
2024-11-29,19028.57,19530.84
2024-12-02,19140.63,19646.61
2024-12-03,19068.73,19573.48
2024-12-04,19097.67,19604.67
2024-12-05,19478.62,19983.35
2024-12-06,19476.07,19961.29
2024-12-09,19656.87,20141.81
2024-12-10,19564.08,20060.1
2024-12-11,19570.55,20074.03
2024-12-12,19844.17,20356.83
2024-12-13,19761.93,20284.22
2024-12-16,20044.45,20569.12
2024-12-17,20163.62,20690.59
2024-12-18,20089.89,20611.34
2024-12-19,20197.89,20717.32
2024-12-20,20358.41,20883.77
2024-12-23,20466.22,21002.21
2024-12-24,20235.47,20768.98
2024-12-25,20136.29,20665.48
2024-12-26,20110.6,20639.65
2024-12-27,20111.25,20645.27
2024-12-30,20217.58,20740.32
2024-12-31,20256.77,20760.67
2025-01-01,20082.2,20580.76
2025-01-02,20147.86,20636.65
2025-01-03,20245.89,20730.86
2025-01-06,20337.28,20821.34
2025-01-07,20502.5,20983.34
2025-01-08,20633.99,21127.41
2025-01-09,20712.75,21209.2
2025-01-10,20715.83,21214.84
2025-01-13,20490.56,20994.03
2025-01-14,20564.57,21058.78
2025-01-15,20607.22,21110.34
2025-01-16,20659.08,21161.76
2025-01-17,20489.43,20997.13
2025-01-20,20348.95,20847.05
2025-01-21,20510.37,20996.16
2025-01-22,20517.77,21010.45
2025-01-23,20627.69,21123.92
2025-01-24,20644.83,21133.51
2025-01-27,20662.2,21143.58
2025-01-28,20809.66,21300.97
2025-01-29,20748.46,21229.44
2025-01-30,20775.45,21270.46
2025-01-31,20722.09,21209.26
2025-02-03,20672.86,21165.29
2025-02-04,20641.7,21131.24
2025-02-05,20686.57,21181.37
2025-02-06,20631.08,21121.07
2025-02-07,20823.7,21312.95
2025-02-10,20707.84,21197.08
2025-02-11,20694.17,21174.88
2025-02-12,20644.26,21131.1
2025-02-13,20864.35,21347.54
2025-02-14,20906.02,21387.37
2025-02-17,21068.77,21542.03
2025-02-18,20865.27,21316.04
2025-02-19,20917.13,21366.33
2025-02-20,21059.35,21529.32
2025-02-21,21084.73,21561.5
2025-02-24,21253.79,21730.76
2025-02-25,21191.1,21665.66
2025-02-26,21411.5,21886.69
2025-02-27,21766.18,22246.78
2025-02-28,21725.27,22195.3
2025-03-03,21672.0,22151.85
2025-03-04,21904.02,22390.6
2025-03-05,22157.67,22651.14
2025-03-06,22091.46,22588.78
2025-03-07,22041.17,22538.56
2025-03-10,22012.13,22515.52
2025-03-11,21821.03,22329.3
2025-03-12,21695.98,22200.73
2025-03-13,21558.8,22058.07
2025-03-14,21457.78,21957.68
2025-03-17,21466.25,21979.78
2025-03-18,21514.72,22017.52
2025-03-19,21759.53,22250.12
2025-03-20,21622.82,22114.58
2025-03-21,21784.03,22276.61
2025-03-24,21765.56,22259.65
2025-03-25,21771.92,22268.19
2025-03-26,21887.55,22382.11
2025-03-27,21731.17,22238.73
2025-03-28,21802.55,22296.07
2025-03-31,21841.54,22327.76
2025-04-01,21929.94,22415.4
2025-04-02,21987.8,22458.63
2025-04-03,22375.85,22845.48
2025-04-04,22291.18,22775.94
2025-04-07,22223.31,22708.18
2025-04-08,22141.46,22628.31
2025-04-09,22070.3,22545.63
2025-04-10,21986.83,22456.51
2025-04-11,22181.95,22648.44
2025-04-14,22414.37,22878.13
2025-04-15,22339.95,22815.42
2025-04-16,22225.29,22705.74
2025-04-17,22312.0,22782.46
2025-04-18,22240.79,22713.45
2025-04-21,22352.45,22829.74
2025-04-22,22398.08,22885.81
2025-04-23,22177.05,22678.96
2025-04-24,22428.94,22922.19
2025-04-25,22722.29,23208.56
2025-04-28,22640.23,23114.75
2025-04-29,22593.78,23066.11
2025-04-30,22652.88,23129.54
2025-05-01,22719.77,23205.6
2025-05-02,22837.87,23323.11
2025-05-05,23170.49,23653.02
2025-05-06,23156.79,23640.75
2025-05-07,23043.4,23519.4
2025-05-08,22837.78,23333.4
2025-05-09,22736.61,23217.1
2025-05-12,22745.83,23228.03
2025-05-13,23043.12,23544.36
2025-05-14,22975.1,23476.31
2025-05-15,23025.31,23524.81
2025-05-16,23037.31,23533.46
2025-05-19,23241.65,23736.32
2025-05-20,23663.37,24171.44
2025-05-21,23591.34,24077.96
2025-05-22,23526.31,24027.68
2025-05-23,23711.47,24199.32
2025-05-26,23838.56,24323.85
2025-05-27,24158.75,24639.84
2025-05-28,24271.84,24758.68
2025-05-29,24226.82,24697.85
2025-05-30,24341.36,24816.84
2025-06-02,24543.82,25039.23
2025-06-03,24698.94,25180.66
2025-06-04,24801.45,25284.98
2025-06-05,25000.51,25477.17
2025-06-06,25218.95,25699.67
2025-06-09,25476.49,25957.07
2025-06-10,25607.19,26080.91
2025-06-11,25593.79,26072.63
2025-06-12,25636.06,26133.64
2025-06-13,25866.67,26362.02
2025-06-16,25736.66,26239.77
2025-06-17,25818.75,26308.22
2025-06-18,25764.77,26244.25
2025-06-19,25786.26,26270.66
2025-06-20,26031.07,26530.68
2025-06-23,26082.07,26585.39
2025-06-24,26107.02,26606.98
2025-06-25,25877.59,26377.83
2025-06-26,26027.84,26514.72
2025-06-27,26160.78,26653.86
2025-06-30,26569.54,27071.4
2025-07-01,26529.74,27026.76
2025-07-02,26586.88,27078.72
2025-07-03,26649.7,27144.31
2025-07-04,26957.92,27447.23
2025-07-07,26957.24,27445.82
2025-07-08,27026.47,27537.95
2025-07-09,27157.48,27666.04
2025-07-10,27209.84,27714.35
2025-07-11,27142.94,27640.4
2025-07-14,27196.68,27702.25
2025-07-15,27416.28,27919.45
2025-07-16,27238.67,27734.95
2025-07-17,27281.06,27791.91
2025-07-18,27166.03,27692.85
2025-07-21,27408.24,27928.17
2025-07-22,27136.36,27635.82
2025-07-23,27048.49,27559.26
2025-07-24,27136.36,27639.45
2025-07-25,27447.97,27959.23
2025-07-28,27452.89,27942.11
2025-07-29,27364.7,27864.13
2025-07-30,27738.78,28223.91
2025-07-31,27478.07,27972.2
2025-08-01,27076.85,27572.09
2025-08-04,27176.6,27661.11
2025-08-05,27099.31,27579.52
2025-08-06,26924.75,27412.99
2025-08-07,27074.0,27563.07
2025-08-08,27136.93,27632.29
2025-08-11,27048.09,27565.49
2025-08-12,26825.3,27325.73
2025-08-13,27004.51,27522.3
2025-08-14,27143.32,27662.1
2025-08-15,27141.9,27650.74
2025-08-18,27506.44,27999.97
2025-08-19,27319.95,27811.81
2025-08-20,27048.5,27551.25
2025-08-21,26935.99,27437.54
2025-08-22,26944.58,27462.7
2025-08-25,27007.12,27509.23
2025-08-26,26979.12,27481.15
2025-08-27,27062.07,27550.18
2025-08-28,26844.56,27337.18
2025-08-29,27130.17,27631.91
2025-09-01,27131.95,27629.04
2025-09-02,27359.23,27827.08
2025-09-03,27441.58,27911.37
2025-09-04,27545.86,28020.19
2025-09-05,27672.1,28150.57
2025-09-08,27775.52,28267.58
2025-09-09,27916.85,28396.44
2025-09-10,28191.7,28678.14
2025-09-11,28247.99,28747.93
2025-09-12,28404.7,28883.78
2025-09-15,28405.08,28887.84
2025-09-16,28706.57,29182.5
2025-09-17,28590.25,29065.67
2025-09-18,28965.19,29443.26
2025-09-19,28975.52,29447.81
2025-09-22,28706.64,29172.06
2025-09-23,28750.35,29215.99
2025-09-24,28632.92,29086.34
2025-09-25,28817.89,29257.85
2025-09-26,28705.87,29154.34
2025-09-29,28635.34,29070.75
2025-09-30,28278.59,28723.56
2025-10-01,28207.92,28658.53
2025-10-02,27752.05,28184.86
2025-10-03,27465.08,27891.6
2025-10-06,27627.24,28066.3
2025-10-07,27795.21,28222.52
2025-10-08,27894.8,28316.38
2025-10-09,27725.6,28153.29
2025-10-10,27734.04,28170.51
2025-10-13,27750.96,28184.51
2025-10-14,27545.83,27973.61
2025-10-15,27850.28,28292.52
2025-10-16,28037.28,28498.37
2025-10-17,28012.15,28484.5
2025-10-20,28035.16,28508.39
2025-10-21,28093.44,28557.26
2025-10-22,27713.81,28169.6
2025-10-23,27683.94,28145.73
2025-10-24,27570.69,28037.6
2025-10-27,27396.84,27880.06
2025-10-28,27360.87,27851.44
2025-10-29,27719.07,28192.03
2025-10-30,27859.76,28344.12
2025-10-31,27767.18,28240.5
2025-11-03,27894.98,28363.54
2025-11-04,28183.18,28653.56
2025-11-05,28381.65,28874.18
2025-11-06,28411.39,28939.75
2025-11-07,28302.07,28837.65
2025-11-10,28456.97,28990.21
2025-11-11,28552.63,29091.91
2025-11-12,28747.87,29297.19
2025-11-13,28892.65,29438.03
2025-11-14,29121.13,29687.3
2025-11-17,29031.61,29600.6
2025-11-18,29315.06,29889.72
2025-11-19,29373.82,29956.39
2025-11-20,29814.87,30402.24
2025-11-21,29691.41,30289.08
2025-11-24,30067.43,30657.51
2025-11-25,30127.75,30710.94
2025-11-26,30010.89,30580.68
2025-11-27,29929.31,30504.6
2025-11-28,29881.88,30466.72
2025-12-01,29988.68,30579.02
2025-12-02,30116.37,30727.09
2025-12-03,30015.77,30626.44
2025-12-04,30029.76,30648.62
2025-12-05,30494.6,31100.17
2025-12-08,30879.01,31479.55
2025-12-09,30991.97,31601.17
2025-12-10,31019.81,31639.72
2025-12-11,31065.31,31681.48
2025-12-12,31217.1,31832.28
2025-12-15,31015.67,31611.67
2025-12-16,30980.05,31571.57
2025-12-17,30641.52,31244.72
2025-12-18,30745.74,31356.06
2025-12-19,30903.15,31519.66
2025-12-22,30819.3,31436.47
2025-12-23,31175.01,31792.13
2025-12-24,30930.01,31538.89
2025-12-25,30635.79,31253.7
2025-12-26,30702.89,31326.04
2025-12-29,30945.16,31574.45
2025-12-30,31325.89,31948.51
2025-12-31,31246.17,31841.31
2026-01-01,31473.37,32082.18
2026-01-02,31480.72,32083.38
2026-01-05,31461.48,32053.09
2026-01-06,31651.59,32251.79
2026-01-07,31796.73,32391.67
2026-01-08,31496.12,32105.29
2026-01-09,31804.07,32420.85
2026-01-12,32095.71,32721.06
2026-01-13,31984.52,32592.09
2026-01-14,32079.5,32702.74
2026-01-15,32194.61,32821.15
2026-01-16,32262.8,32884.44
2026-01-19,32166.32,32789.95
2026-01-20,32045.55,32646.01
2026-01-21,32055.65,32661.43
2026-01-22,32307.73,32899.68
2026-01-23,32433.75,33007.64
2026-01-26,32373.47,32927.42
2026-01-27,32546.26,33114.31
2026-01-28,31977.75,32539.11
2026-01-29,32224.38,32805.02
2026-01-30,31886.57,32460.97
2026-02-02,31828.96,32381.32
2026-02-03,31619.61,32158.14
2026-02-04,31376.79,31932.02
2026-02-05,31621.17,32173.76
2026-02-06,31543.07,32088.82
2026-02-09,31626.94,32174.49
2026-02-10,31632.65,32186.65
2026-02-11,31742.77,32310.84
2026-02-12,31773.25,32359.96
2026-02-13,31531.59,32114.1
2026-02-16,31744.49,32309.57
2026-02-17,31660.87,32220.82
2026-02-18,31365.5,31929.59
2026-02-19,31295.84,31847.79
2026-02-20,31606.61,32145.52
2026-02-23,31790.95,32333.67
2026-02-24,31736.26,32278.53
2026-02-25,31681.55,32224.43
2026-02-26,31632.45,32165.7
2026-02-27,32061.33,32590.13
2026-03-02,32153.74,32670.14
2026-03-03,32256.16,32783.75
2026-03-04,32480.86,33021.14
2026-03-05,32545.19,33060.84
2026-03-06,32507.58,33011.11
2026-03-09,32482.85,32966.74
2026-03-10,32483.67,32958.98
2026-03-11,32491.52,32965.69
2026-03-12,32655.92,33110.04
2026-03-13,32682.16,33123.9
2026-03-16,32848.56,33275.87
2026-03-17,32847.5,33277.57
2026-03-18,32879.41,33310.18
2026-03-19,32481.2,32905.2
2026-03-20,32684.16,33109.03
2026-03-23,32771.06,33188.06
2026-03-24,32992.69,33404.42
2026-03-25,32406.46,32845.1
2026-03-26,32848.22,33301.49
2026-03-27,32834.97,33271.03
2026-03-30,33079.83,33525.21
2026-03-31,32878.88,33336.51
2026-04-01,33021.45,33462.87
2026-04-02,32818.05,33271.83
2026-04-03,32704.72,33179.7
2026-04-06,33114.63,33572.34
2026-04-07,33090.62,33536.17
2026-04-08,33151.7,33610.48
2026-04-09,33349.19,33810.35
2026-04-10,33469.2,33937.05
2026-04-13,33516.85,33989.02
2026-04-14,33609.87,34086.78
2026-04-15,34134.73,34590.35
2026-04-16,34138.6,34608.68
2026-04-17,34198.1,34683.99
2026-04-20,34440.72,34921.96
2026-04-21,34696.98,35175.98
2026-04-22,34972.95,35428.63
2026-04-23,35130.32,35592.15
2026-04-24,34894.1,35365.76
2026-04-27,35269.77,35738.0
2026-04-28,35031.87,35517.84
2026-04-29,35115.33,35596.03
2026-04-30,34965.21,35454.93
2026-05-01,34967.73,35442.97
2026-05-04,35056.8,35531.11
2026-05-05,35144.46,35615.71
2026-05-06,35254.6,35728.3
2026-05-07,35629.77,36095.63
2026-05-08,35748.53,36211.63
2026-05-11,35710.57,36185.92
2026-05-12,35944.45,36411.85
2026-05-13,36230.9,36672.82
2026-05-14,35967.97,36437.67
2026-05-15,36120.46,36609.19
2026-05-18,36297.2,36765.82
2026-05-19,36246.45,36725.58
2026-05-20,36577.82,37047.24
2026-05-21,36560.66,37034.11
2026-05-22,36607.0,37084.46
2026-05-25,36584.52,37058.67
2026-05-26,36605.53,37067.91
2026-05-27,36370.17,36824.1
2026-05-28,36057.55,36500.42
2026-05-29,36436.9,36864.61
2026-06-01,36259.85,36688.07
2026-06-02,36050.67,36470.14
2026-06-03,35578.8,36012.29
2026-06-04,35452.54,35908.46
2026-06-05,35173.94,35623.59
2026-06-08,35554.51,36004.73
2026-06-09,35797.62,36253.19
2026-06-10,35659.48,36122.94
2026-06-11,36182.44,36643.19
2026-06-12,36423.44,36893.27
2026-06-15,36366.25,36843.62
2026-06-16,35810.99,36274.08
2026-06-17,36344.85,36816.64
2026-06-18,36044.01,36531.06
2026-06-19,35687.58,36165.88
2026-06-22,35934.46,36411.61
2026-06-23,36503.85,36986.97
2026-06-24,36839.55,37317.22
2026-06-25,36987.95,37480.56
2026-06-26,37144.15,37671.11
2026-06-29,37361.52,37875.31
2026-06-30,37557.93,38049.52
2026-07-01,37642.34,38137.95
2026-07-02,37684.98,38191.29
2026-07-03,37688.06,38190.82
2026-07-06,37527.01,38053.09
2026-07-07,37478.53,37984.53
2026-07-08,37096.68,37615.8
2026-07-09,37091.37,37601.4
2026-07-10,36878.04,37415.33
2026-07-13,36639.23,37207.7
2026-07-14,36698.19,37254.98
2026-07-15,37037.47,37584.32
2026-07-16,37269.36,37827.85
2026-07-17,36918.39,37472.89
2026-07-20,36705.82,37260.76
2026-07-21,36940.83,37494.93
2026-07-22,36729.79,37256.22
2026-07-23,36695.31,37221.74
2026-07-24,36839.93,37355.23
2026-07-27,36632.75,37141.99
2026-07-28,36674.51,37204.93
2026-07-29,36383.78,36897.19
2026-07-30,36263.27,36789.43
2026-07-31,36353.59,36875.12
2026-08-03,36006.1,36525.56
2026-08-04,36123.15,36653.48
2026-08-05,36135.88,36671.13
2026-08-06,36278.86,36821.69
2026-08-07,36347.31,36904.03
2026-08-10,36676.96,37227.14
2026-08-11,36723.35,37264.18
2026-08-12,36641.5,37166.61
2026-08-13,36687.18,37199.74
2026-08-14,36830.21,37385.75
2026-08-17,36859.09,37433.09
2026-08-18,36886.06,37439.71
2026-08-19,36740.51,37275.12
2026-08-20,36604.58,37147.16
2026-08-21,36298.59,36850.98
2026-08-24,36715.93,37274.29
2026-08-25,36445.73,37001.65
2026-08-26,36304.0,36858.79
2026-08-27,36156.99,36717.35
2026-08-28,36378.04,36938.6
2026-08-31,36327.78,36855.79
2026-09-01,36630.61,37153.5
2026-09-02,36492.65,37003.71
2026-09-03,36574.16,37087.3
2026-09-04,36399.12,36957.64
2026-09-07,36908.32,37469.74
2026-09-08,36649.78,37207.82
2026-09-09,36738.76,37310.07
2026-09-10,36902.93,37480.66
2026-09-11,37016.7,37600.2
2026-09-14,36991.12,37583.86
2026-09-15,36978.48,37602.2
2026-09-16,37006.29,37612.9
2026-09-17,36989.65,37603.45
2026-09-18,37231.86,37830.82
2026-09-21,37768.04,38373.14
2026-09-22,37653.39,38244.88
2026-09-23,37346.41,37932.93
2026-09-24,37343.42,37925.48
2026-09-25,37968.06,38561.97
2026-09-28,37793.92,38402.81
2026-09-29,38202.16,38790.19
2026-09-30,38624.09,39210.9
2026-10-01,38507.79,39084.07
2026-10-02,38664.15,39219.92
2026-10-05,39079.17,39629.08
2026-10-06,39004.45,39549.93
2026-10-07,38973.0,39557.07
2026-10-08,38848.76,39440.34
2026-10-09,38618.92,39189.93
2026-10-12,38479.36,39042.29
2026-10-13,38201.0,38781.46
2026-10-14,38227.39,38840.11
2026-10-15,38060.18,38648.98
2026-10-16,38134.36,38693.73
2026-10-19,37778.75,38369.08
2026-10-20,37875.49,38471.35
2026-10-21,38092.4,38673.9
2026-10-22,37632.12,38224.21
2026-10-23,37738.71,38290.02
2026-10-26,38048.54,38598.14
2026-10-27,37776.73,38332.97
2026-10-28,38192.74,38760.84
2026-10-29,38311.74,38863.48
2026-10-30,38159.83,38713.8
2026-11-02,38164.6,38704.2
2026-11-03,38317.0,38859.63
2026-11-04,38353.59,38882.08
2026-11-05,38502.02,39023.19
2026-11-06,38297.06,38804.06
2026-11-09,38356.15,38872.85
2026-11-10,38032.84,38565.08
2026-11-11,38024.3,38552.98
2026-11-12,37825.89,38356.42
2026-11-13,37668.64,38177.93
2026-11-16,37979.89,38482.5
2026-11-17,38259.07,38758.95
2026-11-18,38424.1,38963.42
2026-11-19,38178.0,38701.53
2026-11-20,38120.09,38666.66
2026-11-23,38429.55,38989.7
2026-11-24,38482.15,39046.38
2026-11-25,39062.72,39651.14
2026-11-26,39178.1,39771.83
2026-11-27,39244.16,39843.73
2026-11-30,39186.43,39785.45
2026-12-01,39238.05,39856.28
2026-12-02,39219.05,39854.85
2026-12-03,39412.67,40037.7
2026-12-04,39668.96,40271.72
2026-12-07,39491.44,40091.84
2026-12-08,39179.07,39768.23
2026-12-09,38744.55,39334.98
2026-12-10,38886.98,39496.16
2026-12-11,38635.21,39238.34
2026-12-14,38129.64,38734.47
2026-12-15,38241.13,38846.37
2026-12-16,38859.9,39475.54
2026-12-17,38876.92,39457.0
2026-12-18,39100.78,39670.08
2026-12-21,39139.55,39711.99
2026-12-22,39133.81,39725.34
2026-12-23,39379.01,39961.46
2026-12-24,39325.76,39878.5
2026-12-25,39410.72,39972.82
2026-12-28,39509.36,40060.7
2026-12-29,39361.89,39895.11
2026-12-30,39626.62,40148.09
2026-12-31,39601.82,40120.5
